<?xml version="1.0" encoding="UTF-8" ?>
<rss version="2.0">
    <channel>
        <title>Dr. Antonio Luiz Mazzilli</title>
        <link>https://www.advogadodefalencias.com.br/escritorio</link>
        <description>Natural de São Paulo/SP e formado em 1970 na Faculdade de Direito da Universidade Mackenzie de São Paulo. Membro da então Comissão Especial de Reforma da Lei de Falências da OAB/SP para a Lei 11.101/05, reformada pela Lei 14.112/20.</description>
        <language>pt-br</language>
        <item>
            <title>Dr. Antonio Luiz Mazzilli</title>
            <link>https://www.advogadodefalencias.com.br/equipe</link>
            <pubDate>Wed, 01 Oct 2014 16:19:12 -0300</pubDate>
            <description>O escritório Antonio Luiz Mazzilli & Advogados nasceu da união de profissionais atuantes na área de Falências, Recuperações Judiciais e Extrajudiciais e na Advocacia Empresarial/Comercial.</description>
        </item>
    </channel>
</rss>
  