<!--<?xml version="1.0" encoding="UTF-8" ?>
<rss version="2.0">
    <channel>
        <title>Alberto Preto Advocacia</title>
        <link>https://www.albertopreto.adv.br/escritorio</link>
        <description>O escritório ALBERTO PRETO ADVOCACIA, foi fundado em 2004 pelo advogado Dr. Alberto Luiz Preto Alves, e desde então vem crescendo através de importantes investimentos de infraestrutura e aprimoramento, que resultam num melhor atendimento, serviços de qualidade e com maior segurança e conforto aos nossos clientes.</description>
        <language>pt-br</language>
        <item>
            <title>Alberto Preto Advocacia</title>
            <link>https://www.albertopreto.adv.br/areas</link>
            <pubDate>Wed, 01 Oct 2014 16:19:12 -0300</pubDate>
            <description>A capacidade de articulação e aperfeiçoamento técnico permite que nossa equipe atue nos mais diversos ramos do direito e seja presença constante na solução dos conflitos trazidos por nossos clientes, essa atuação se dá na esfera administrativa ou judicial, através de consultoria, assessoria ou de forma contenciosa.</description>
        </item>
    </channel>
</rss>-->
  